logL5100,logLHb,zspec,log_lambda_Edd,cluster
44.88413,43.05413,0.664,-1.6713980405606748,1
43.22211,41.6596,0.472,-1.5271980405606769,0
44.44011,42.52156,0.56742,-1.0000880405606765,1
39.70971,38.67856,0.09447,-2.480468040560673,2
45.17677,43.08461,0.87305,-1.171878040560678,1
43.09713,41.57087,0.244,-2.0481280405606768,0
43.78209,41.74177,0.243,-2.1059480405606834,0
43.46365,41.74125,0.328,-1.6477380405606752,0
44.25426,42.78379,0.643,-1.5714080405606765,1
44.16288,42.45012,0.46356,-1.4438280405606747,1
43.471,41.46281,0.228,-1.8576080405606774,0
44.32838,42.38276,0.79,-0.91110804056067,1
44.1857,42.51284,0.43302,-1.263578040560681,1
44.30424,42.41632,0.57674,-1.3401480405606776,1
43.7781,41.56127,0.27492,-1.2086380405606718,0
44.19439,42.10854,0.45272,-1.3468880405606782,1
43.99622,42.4553,0.691,-1.332318040560672,1
44.37823,42.65004,0.774,-1.5142880405606718,1
43.73169,41.64193,0.364,-1.8939780405606754,0
44.40377,42.64069,0.696,-1.5328680405606718,1
43.58565,41.54008,0.276,-1.3545680405606717,0
43.07396,41.10629,0.25614,-2.025018040560674,0
44.12023,42.19014,0.35681,-1.3973480405606793,0
44.11418,42.34653,0.7,-1.150938040560682,1
44.41525,42.59905,0.77672,-1.3629780405606766,1
43.94453,41.47179,0.323,-1.424258040560673,0
44.93254,42.85413,0.687,-1.564918040560677,1
43.80514,40.01902,0.65705,-2.0924980405606775,0
44.61856,42.63184,0.73023,-1.4212380405606737,1
44.42186,42.79579,0.52212,-1.5138680405606735,1
44.75992,42.96762,0.715,-1.0859080405606747,1
43.57068,42.07106,0.659,-1.725098040560674,0
43.68286,42.25813,0.674,-1.5388180405606775,1
43.53225,42.04101,0.28271,-0.7513480405606785,1
44.7431,42.84818,0.677,-0.7410580405606808,1
42.86831,40.37313,0.08044,-0.8811980405606761,2
43.84352,41.76505,0.54507,-1.5148980405606736,0
44.31274,42.5627,0.564,-0.8060680405606817,1
44.00158,42.02629,0.3936,-1.1459280405606762,1
42.77653,41.32128,0.16855,-2.0027780405606777,2
43.29439,40.26867,0.18411,-2.1839580405606753,2
44.4905,42.69316,0.649,-1.626148040560679,1
43.75388,42.21345,0.56637,-1.4021080405606696,1
43.92036,42.05223,0.82,-1.7281180405606733,1
43.60109,41.58058,0.331,-1.5615080405606747,0
43.95449,42.2254,0.54345,-0.7247080405606781,1
43.19153,41.15417,0.3566,-2.142308040560671,0
43.99886,42.0933,0.44047,-1.0241280405606759,1
44.94273,43.17438,0.692,-1.444638040560676,1
44.55597,42.6691,0.61343,-1.2963580405606763,1
43.52295,40.16638,0.29921,-1.3564380405606755,0
43.46452,41.03866,0.30189,-1.806638040560678,0
44.25591,42.34892,0.4874,-0.7916780405606758,1
42.74932,38.24797,0.22526,-2.589788040560677,2
43.52784,41.05404,0.12935,-1.8855380405606823,0
44.41774,42.67246,0.60657,-1.7833080405606765,1
43.89368,42.0587,0.45565,-1.0035780405606758,1
42.83115,38.61681,0.31666,-1.6916080405606735,2
44.14975,42.39638,0.792,-1.931568040560677,1
44.3827,42.31249,0.55042,-1.0782780405606758,1
44.89728,43.153,0.69879,-1.1593380405606766,1
42.93108,38.43365,0.08251,-1.4703680405606718,2
45.1549,43.29234,0.68783,-1.3455580405606753,1
44.28472,42.21239,0.27624,-1.7758180405606723,0
43.92002,42.49613,0.46214,-1.7274980405606755,0
43.90576,41.89238,0.24615,-1.525248040560676,0
44.18202,42.20605,0.48412,-1.892838040560676,0
44.52177,42.50428,0.58574,-1.0133380405606758,1
43.00914,38.76654,0.13394,-1.2420880405606738,2
44.57658,42.83526,0.66,-0.9349980405606786,1
44.38096,42.59338,0.643,-0.9086180405606754,1
43.23823,39.38448,0.06765,-1.4760280405606707,2
44.85712,43.08349,0.70171,-1.2898680405606697,1
44.01743,41.8306,0.33746,-1.5487580405606778,0
43.55663,38.8618,0.12452,-1.8222980405606748,2
42.91999,40.40758,0.10967,-2.505868040560678,2
44.19855,42.6609,0.34771,-1.2598780405606789,1
43.09444,41.42213,0.47988,-1.5125280405606745,0
41.78435,40.50549,0.15349,-1.892538040560673,2
42.41603,38.59161,0.08487,-1.3477680405606733,2
43.69394,42.4637,0.40597,-2.2457680405606766,0
43.21499,39.80096,0.1893,-0.9294180405606767,2
43.4314,41.25323,0.235,-1.7854280405606815,0
43.88703,42.13117,0.72,-1.4935380405606722,1
44.73404,42.80433,0.813,-1.2836980405606724,1
44.18514,42.02902,0.31644,-1.2202580405606795,1
44.07549,42.42206,0.34464,-2.0280580405606727,0
44.86878,42.76919,0.678,-1.5286480405606753,1
44.92151,43.12241,0.7397,-0.6561780405606754,1
43.92554,41.92127,0.2322,-1.060038040560677,0
39.84286,38.60547,0.101,-2.4265180405606728,2
44.23819,42.15188,0.45204,-1.481158040560672,1
43.8417,42.29594,0.32023,-1.222038040560669,0
43.70233,41.43608,0.28034,-0.807518040560673,1
42.3468,35.72366,0.06348,-2.218108040560672,2
44.13146,42.28275,0.44913,-1.379388040560677,1
44.08988,42.10166,0.52585,-1.5158280405606774,1
43.01836,40.75849,0.12844,-1.7724280405606763,2
44.16781,42.48721,0.61258,-1.6904580405606708,1
43.76036,42.27436,0.772,-2.1448580405606776,0
43.22261,40.42713,0.12264,-1.5696180405606697,2
44.44253,42.55025,0.5816,-1.5942080405606802,1
42.50897,39.70859,0.134,-2.0974780405606808,2
44.23997,42.48306,0.357,-1.7973180405606755,0
43.72053,41.76482,0.28256,-1.4853980405606748,0
39.73672,38.15411,0.1669,-2.677878040560678,2
44.21856,42.35327,0.57,-1.2046480405606772,1
44.79416,42.90316,0.55737,-1.734378040560678,1
43.93248,42.25634,0.34594,-0.9854580405606796,1
43.25758,40.92019,0.18713,-1.2022380405606796,2
44.0528,42.11893,0.847,-1.9768380405606791,0
44.07927,42.52002,0.32481,-2.0658180405606785,0
44.6006,43.02409,0.6747,-1.027448040560678,1
42.64078,40.78454,0.20132,-1.6787080405606787,2
44.55572,42.75643,0.802,-1.5198780405606769,1
43.60629,42.15179,0.2466,-1.843168040560677,0
44.53953,42.85312,0.8,-1.889148040560677,1
42.59804,39.27609,0.07317,-1.7391580405606746,2
44.66974,42.75319,0.49716,-1.7096480405606798,1
43.45162,42.11654,0.35584,-1.9997180405606798,0
44.14987,42.49456,0.48855,-0.885758040560674,1
43.48757,38.04134,0.22254,-0.7794780405606758,2
44.15372,42.28641,0.31848,-1.8799980405606718,0
43.75945,42.17202,0.366,-1.2945680405606765,0
44.44266,42.87637,0.6123,-1.3680980405606817,1
44.1797,42.11653,0.776,-1.1510580405606774,1
44.25276,42.455,0.586,-1.4743480405606775,1
43.37593,41.65744,0.28495,-1.210218040560676,0
44.12925,42.1348,0.606,-1.6297880405606762,1
43.86002,38.14312,0.3131,-2.0564480405606744,2
44.88014,42.95101,0.83813,-1.3111480405606741,1
44.33814,42.54562,0.48778,-1.0978080405606718,1
43.67667,41.86247,0.75637,-2.1073680405606723,0
44.44586,42.76665,0.775,-1.3833080405606708,1
42.52689,40.59624,0.168,-1.444638040560676,2
44.74364,43.0585,0.62037,-1.0714880405606735,1
44.05909,41.97218,0.24211,-1.8566780405606806,0
43.63452,41.98529,0.74,-2.0044280405606756,0
44.08876,42.05494,0.326,-1.4397880405606784,0
43.9862,42.71718,0.47477,-1.6973680405606828,0
44.16732,42.64902,0.793,-1.8073780405606783,1
44.86347,43.15103,0.90513,-0.8550380405606788,1
44.76545,42.93723,0.832,-1.1614780405606737,1
44.17845,42.29046,0.388,-1.818768040560677,0
44.78266,43.04117,0.74854,-1.5456880405606768,1
43.93747,41.98646,0.492,-1.5705580405606767,0
44.78048,43.00114,0.55663,-1.637018040560676,1
43.56739,39.50898,0.22419,-0.8602380405606738,2
44.02169,42.12457,0.502,-1.3447580405606772,1
43.66331,41.68712,0.35045,-1.950548040560669,0
44.11259,41.76345,0.27967,-2.022028040560677,0
42.5468,38.99506,0.16427,-1.6384180405606799,2
44.27166,42.81005,0.57285,-1.6581280405606762,1
44.20031,42.31157,0.43227,-1.9288780405606758,0
44.98348,43.12398,0.61211,-1.3477180405606717,1
44.17802,42.00353,0.32701,-1.9811780405606783,0
43.5193,39.41116,0.21922,-0.7076780405606726,2
43.19433,41.41472,0.239,-2.3976080405606766,0
44.43448,42.30342,0.733,-1.6819980405606785,1
43.78296,42.09164,0.59336,-2.123248040560675,0
43.69396,41.43978,0.366,-1.18786804056068,0
44.06248,42.18136,0.683,-1.1818480405606735,1
44.46729,42.53479,0.747,-1.2639980405606792,1
42.52364,40.01134,0.07456,-1.4884580405606727,2
44.53177,42.39082,0.724,-0.7752580405606722,1
44.02651,42.78678,0.24095,-1.6683880405606715,0
44.38489,42.39805,0.816,-1.3771480405606766,1
43.90638,41.89958,0.3124,-1.5249580405606764,0
44.60021,42.82892,0.53848,-1.605218040560679,1
43.84252,41.87403,0.697,-1.279168040560677,1
43.35262,41.27771,0.529,-1.391968040560677,0
44.08385,42.84687,0.4654,-2.194398040560678,0
42.35254,41.54839,0.44626,-2.076078040560681,0
43.72487,42.24214,0.45294,-2.061678040560672,0
43.98764,41.99746,0.32541,-1.220838040560679,0
44.19769,41.96961,0.586,-1.6132180405606746,1
44.05776,42.33309,0.67782,-1.1759280405606702,1
43.75313,41.97232,0.657,-1.7206280405606762,0
44.08497,42.12763,0.54771,-0.8676880405606795,1
44.53657,42.45644,0.678,-1.2306580405606766,1
44.40582,42.26503,0.67,-0.7644180405606775,1
43.77432,41.88316,0.3236,-0.8785480405606734,1
43.50114,39.1719,0.20966,-0.7153080405606786,2
43.91459,42.04313,0.486,-1.1279680405606811,1
43.42097,40.38562,0.12185,-2.324818040560679,2
41.86435,38.18031,0.05933,-1.7212280405606748,2
43.48684,41.60528,0.30966,-1.5243480405606746,0
43.65356,42.0439,0.23509,-1.2878680405606744,0
43.47879,40.61701,0.19031,-2.2989580405606773,2
44.43453,43.01495,0.2982,-1.5318880405606734,1
42.97419,40.59905,0.11532,-1.960298040560673,2
43.98503,42.17717,0.28713,-1.8524980405606755,0
44.15784,42.04371,0.38416,-1.6779080405606734,0
43.704,42.33989,0.25022,-1.2583780405606788,0
44.07451,42.33226,0.697,-1.3200880405606767,1
43.83724,41.47561,0.50385,-2.077508040560673,0
44.90603,43.07667,0.54327,-1.3562880405606776,1
43.38391,41.79304,0.30394,-1.6543480405606772,0
44.38114,42.18735,0.44361,-0.5951680405606723,1
44.13844,42.51937,0.45938,-1.8453380405606694,0
44.15919,38.87606,0.831,-0.720858040560671,1
43.28378,39.7398,0.11082,-1.3074080405606736,2
44.24974,42.28633,0.836,-0.8552480405606744,1
43.35528,40.6751,0.271,-2.006898040560678,0
44.06145,42.16187,0.22415,-1.8812880405606762,0
44.20211,42.64675,0.2867,-1.5312680405606756,0
44.20704,42.21334,0.40845,-0.9929480405606768,1
43.99941,42.09367,0.37609,-2.00177804056068,0
44.57133,42.96568,0.64186,-1.0399080405606682,1
43.99097,42.79795,0.45638,-0.7994280405606773,1
43.03146,40.95942,0.18116,-0.9527580405606741,2
44.05916,42.20769,0.25474,-0.7697480405606782,1
44.10621,41.95446,0.456,-1.470288040560682,0
43.6381,41.57673,0.2756,-1.5877680405606753,0
43.65103,40.95085,0.20034,-1.3252380405606772,0
44.59334,42.6871,0.79814,-1.474538040560681,1
43.12444,39.15614,0.21234,-2.3821680405606784,2
43.78223,42.15058,0.685,-1.4554380405606793,1
43.32467,39.99809,0.22187,-0.8109280405606754,2
43.65021,42.25815,0.27417,-0.7641880405606756,1
44.11141,42.57916,0.722,-1.6988680405606758,1
43.39465,40.11665,0.12335,-1.2594780405606798,2
44.07021,42.09928,0.4921,-2.1835580405606763,0
43.91203,42.35446,0.39965,-1.6194480405606768,0
42.51199,38.54626,0.06696,-2.4266280405606793,2
43.65205,41.54916,0.4148,-1.6292380405606721,0
44.04653,41.94609,0.48482,-1.3320180405606763,1
43.78125,42.00805,0.509,-1.2517180405606751,1
42.96079,40.89954,0.19866,-1.6522380405606754,2
42.09923,39.67114,0.1561,-2.3807580405606785,2
44.13404,42.65289,0.32348,-0.8155880405606766,1
42.90275,39.04219,0.16307,-1.6830080405606793,2
44.20511,42.4,0.619,-1.1391880405606756,1
42.45139,38.54914,0.10287,-2.3376480405606728,2
43.47323,41.62909,0.18233,-1.5804780405606778,0
44.15116,42.44751,0.268,-1.5077780405606802,0
43.95869,41.26862,0.58085,-0.6201380405606756,1
43.78203,41.57877,0.42626,-0.8028180405606733,1
44.10255,42.46482,0.536,-1.3515480405606723,1
44.0922,42.50706,0.626,-1.438178040560679,1
43.40155,41.62845,0.22083,-2.051838040560675,0
44.23312,42.1477,0.48582,-1.9130180405606794,0
44.5788,42.67021,0.671,-1.5230080405606756,1
43.75641,41.65472,0.90116,-1.741078040560673,1
44.51797,42.73705,0.802,-0.8477480405606812,1
43.84663,42.26661,0.627,-1.219738040560678,1
44.00101,42.43823,0.46445,-1.0559680405606784,1
44.44349,42.93919,0.61255,-1.836248040560676,1
43.6869,41.30317,0.41956,-1.3960880405606773,0
44.17935,42.15199,0.31465,-1.2711280405606757,1
44.60273,42.83331,0.86277,-1.440698040560676,1
42.89441,39.89725,0.23803,-1.290278040560672,2
44.21656,42.29053,0.66716,-1.361128040560672,1
44.13805,42.1444,0.34791,-1.083648040560675,1
44.51027,42.32525,0.791,-0.6709880405606796,1
42.90964,38.92864,0.13157,-1.0533080405606725,2
42.59852,38.23226,0.06292,-1.434408040560676,2
43.44829,40.9222,0.205,-1.746438040560676,0
44.25262,42.66406,0.45098,-1.767538040560673,0
44.09878,41.99254,0.27006,-1.1888480405606785,0
42.67814,38.17567,0.15704,-2.179998040560676,2
43.57978,41.52438,0.509,-2.2181280405606785,0
42.49565,38.47796,0.10194,-1.0377180405606765,2
43.68838,41.61968,0.303,-1.9463980405606733,0
40.03823,39.0436,0.15293,-4.142198040560679,2
44.11959,42.1373,0.509,-1.9010980405606759,0
43.76509,42.2219,0.26692,-1.3153280405606722,0
43.83696,42.4009,0.35131,-2.1765580405606784,0
44.16422,42.23295,0.40327,-1.3194880405606781,1
43.93604,42.0642,0.732,-1.8416080405606792,0
44.0178,42.03403,0.3653,-1.3812980405606723,0
42.60901,36.2453,0.11205,-1.6122880405606779,2
43.5583,41.77571,0.135,-2.0653380405606754,0
43.12819,40.55445,0.18424,-1.6959180405606773,2
43.26014,40.85872,0.187,-2.047998040560678,2
44.26188,42.31844,0.438,-1.3755780405606757,1
44.35255,42.45693,0.35263,-1.5042680405606745,1
39.77222,37.42504,0.21236,-2.6981180405606793,2
43.06343,40.16399,0.16317,-1.1182380405606764,2
43.00706,41.79961,0.19995,-2.133408040560674,0
44.57486,41.99387,0.754,-0.21911804056067297,1
43.67448,42.23324,0.44625,-1.3562780405606745,0
43.99658,42.56763,0.3341,-1.7444880405606753,0
44.64365,42.84062,0.5839,-1.1806580405606724,1
43.76514,41.85732,0.33165,-1.7576380405606713,0
43.45051,41.03142,0.238,-1.5358280405606735,0
43.56178,42.07496,0.8139,-1.4356780405606742,1
44.49922,42.72624,0.708,-1.1194580405606729,1
44.16061,42.53163,0.44635,-1.615918040560679,0
43.98713,41.90554,0.26027,-1.6324980405606766,0
43.75832,42.12787,0.396,-2.135278040560678,0
44.6059,42.54882,0.61,-0.9727680405606733,1
44.14396,42.3982,0.441,-1.8659680405606736,0
44.43219,42.56814,0.814,-1.8200580405606743,1
44.35207,42.56412,0.5019,-1.6149880405606822,1
43.50274,41.57509,0.43035,-1.989578040560673,0
43.12747,40.62066,0.11079,-1.3269980405606745,2
44.0569,42.08569,0.3844,-1.4152480405606767,0
43.52927,35.92771,0.22927,-1.5578480405606783,2
43.37938,40.64487,0.16068,-1.7084980405606771,2
43.9086,42.27358,0.35475,-1.8115080405606747,0
44.25558,42.57651,0.5967,-1.040278040560672,1
44.50698,42.59011,0.791,-1.7201880405606786,1
45.12341,43.23917,0.75468,-1.360878040560678,1
42.82179,40.08172,0.22274,-2.574898040560676,2
44.60786,42.79748,0.843,-1.549878040560671,1
43.26425,38.8259,0.10936,-0.8123780405606809,2
43.97854,41.79369,0.3314,-1.1135080405606743,1
44.03343,41.94694,0.2328,-0.585228040560672,1
43.60799,42.11703,0.38455,-2.071058040560679,0
44.71613,43.09722,0.728,-1.6874580405606778,1
43.20056,40.94666,0.12576,-2.625368040560673,2
44.83449,43.12986,0.71502,-1.26555804056067,1
42.2608,38.34343,0.07193,-1.7023980405606736,2
44.14815,41.86921,0.61804,-0.4183880405606786,1
43.99653,42.30614,0.655,-1.0184880405606762,1
44.45924,42.6028,0.46938,-1.733288040560673,1
44.05744,42.08081,0.37805,-1.3715280405606762,0
41.92304,37.89089,0.12577,-1.5308080405606788,2
44.07082,42.44939,0.44152,-1.0329780405606783,1
43.03573,38.253,0.17526,-0.7861080405606771,2
44.56611,42.84479,0.701,-1.0882280405606721,1
43.35819,38.88848,0.11696,-1.1814580405606776,2
44.32746,42.18092,0.54627,-0.7032280405606741,1
43.97737,41.8393,0.557,-1.732738040560676,0
43.89446,41.80467,0.23523,-2.0507880405606755,0
44.23472,42.59289,0.629,-1.5456580405606744,1
43.05971,37.22581,0.17211,-2.056958040560673,2
43.45773,39.83086,0.19356,-0.9840180405606773,2
44.25614,42.34473,0.48935,-1.7621680405606739,0
44.85322,43.12387,0.74909,-1.6030480405606724,1
43.06307,38.25145,0.17174,-1.5484480405606718,2
43.87737,42.00571,0.4923,-1.1437980405606751,1
44.16631,42.26727,0.418,-1.6652280405606703,0
44.17723,42.33381,0.25971,-1.9289880405606752,0
44.39005,42.09503,0.527,-0.6960380405606728,1
42.97039,40.78451,0.23683,-1.5976180405606755,2
43.64488,38.74867,0.31997,-1.0159380405606768,2
44.27522,42.45489,0.36121,-1.8278480405606743,0
44.26397,42.25789,0.46509,-1.0904480405606733,1
44.06993,42.1627,0.516,-0.8455280405606729,1
44.45008,42.76522,0.49267,-1.287688040560674,1
44.37848,42.70192,0.804,-1.5439280405606723,1
44.12351,42.29894,0.407,-1.270518040560674,1
44.43495,42.55268,0.779,-1.2366280405606744,1
42.09004,39.43762,0.06451,-2.600028040560673,2
43.18699,39.10288,0.18539,-3.0174280405606737,2
43.66707,41.51364,0.268,-1.9624780405606757,0
43.85467,42.18701,0.36572,-1.8563380405606793,0
44.38511,42.65272,0.576,-1.82056804056068,1
43.97622,42.69648,0.22945,-1.410548040560677,0
43.92632,42.39142,0.31269,-2.0568280405606814,0
43.17404,39.89282,0.14268,-1.8181480405606791,2
44.05184,41.35009,0.6008,-1.1786980405606755,1
42.29194,40.43031,0.10692,-1.4012180405606784,2
43.30562,41.29706,0.26908,-1.581278040560676,0
43.74052,42.16084,0.26026,-1.619058040560681,0
43.92381,41.76893,0.2211,-2.0359980405606706,0
44.52339,42.72121,0.58464,-1.5886680405606768,1
42.8385,39.83655,0.07103,-1.1299280405606709,2
42.93906,40.11837,0.05922,-1.723218040560674,2
43.74219,41.91187,0.30999,-1.3232980405606725,0
44.16867,42.06036,0.632,-1.855608040560675,0
41.95379,40.00095,0.071,-2.12095804056068,2
43.15971,39.45078,0.11305,-1.8841480405606816,2
44.17969,42.1629,0.18414,-1.9374380405606715,0
44.04467,42.07483,0.78,-1.9123380405606696,0
42.96651,40.09522,0.1392,-2.0701480405606745,2
44.19165,42.2595,0.1227,-1.502018040560671,0
43.57304,41.37968,0.39689,-1.1312180405606753,0
43.07982,41.46687,0.29638,-2.7360180405606798,0
43.73827,42.20549,0.30892,-1.5844880405606787,0
44.26786,42.26185,0.32977,-1.3371680405606767,1
43.68433,42.00889,0.38163,-0.94479804056067,1
42.93611,40.07558,0.18381,-1.2942480405606744,2
43.28412,40.84254,0.15207,-1.4311980405606732,2
43.46776,40.58692,0.25077,-0.9779880405606747,0
44.3394,42.20826,0.512,-1.8633880405606789,0
43.15084,40.05537,0.16029,-1.3412180405606762,2
45.00991,42.8093,0.82,-1.2712580405606744,1
44.46478,42.58029,0.553,-1.7137880405606793,1
44.2029,42.4677,0.62,-1.2131680405606744,1
43.68494,42.45697,0.388,-1.4092380405606804,0
44.30725,41.99288,0.60231,-1.8789380405606764,0
43.55078,41.78383,0.22812,-1.5861180405606703,0
43.72826,42.0724,0.59759,-1.7732280405606744,0
43.94153,42.35337,0.88,-1.662118040560678,1
43.18687,39.2265,0.22081,-1.699838040560678,2
44.25378,42.33164,0.48235,-1.1599680405606776,1
43.89367,41.27307,0.64722,-2.072078040560676,0
42.43362,40.59295,0.05957,-2.601368040560679,2
44.27913,42.47609,0.55445,-1.5297480405606763,1
43.66102,41.17788,0.23318,-1.3064180405606791,0
42.58524,37.95671,0.12452,-2.3273780405606743,2
44.47121,42.68444,0.533,-1.3368380405606786,1
44.67245,42.7592,0.791,-1.5347280405606796,1
44.10578,42.35072,0.761,-1.2997580405606755,1
43.98681,42.08295,0.55211,-1.757058040560679,0
43.87717,41.77336,0.19713,-2.075528040560677,0
44.10971,42.06868,0.59,-1.9051380405606793,0
44.36975,42.80023,0.59254,-1.4205880405606734,1
44.59087,42.74174,0.786,-1.9018380405606692,1
44.52278,42.56208,0.7278,-1.4467880405606763,1
